{
    "version": "Sample 1.0.0",
    "model": "len_swim.moc",
    "textures": [
        "model_swim.2048/texture_00.png"
    ],
    "layout": {
        "center_x": 0,
        "center_y": -0.5,
        "width": 2.7
    },
    "hit_areas": [
        {
            "name": "head",
            "id": "D_REF.HEAD"
        },
        {
            "name": "chest",
            "id": "D_REF.CHEST"
        },
        {
            "name": "belly",
            "id": "D_REF.BELLY"
        },
        {
            "name": "skirt",
            "id": "D_REF.SKIRT"
        },
        {
            "name": "hand_r",
            "id": "D_REF.HAND_R"
        },
        {
            "name": "hand_l",
            "id": "D_REF.HAND_L"
        },
        {
            "name": "face",
            "id": "D_REF.FACE"
        }
    ],
    "motions": {
        "start_first": [
            {
                "file": "motions/len_start_first_01.mtn",
                "sound": "sounds/len_start_first_01.mp3"
            },
            {
                "file": "motions/len_start_first_02.mtn",
                "sound": "sounds/len_start_first_02.mp3"
            },
            {
                "file": "motions/len_start_first_03.mtn",
                "sound": "sounds/len_start_first_03.mp3"
            },
            {
                "file": "motions/len_start_first_04.mtn",
                "sound": "sounds/len_start_first_04.mp3"
            },
            {
                "file": "motions/len_start_first_05.mtn",
                "sound": "sounds/len_start_first_05.mp3"
            },
            {
                "file": "motions/len_start_first_06.mtn",
                "sound": "sounds/len_start_first_06.mp3"
            }
        ],
        "tap_belly": [
            {
                "file": "motions/len_tap_belly_01.mtn",
                "sound": "sounds/len_tap_belly_01.mp3"
            },
            {
                "file": "motions/len_tap_belly_02.mtn",
                "sound": "sounds/len_tap_belly_02.mp3"
            }
        ],
        "tap_chest": [
            {
                "file": "motions/len_tap_chest_01.mtn",
                "sound": "sounds/len_tap_chest_01.mp3"
            },
            {
                "file": "motions/len_tap_chest_02.mtn",
                "sound": "sounds/len_tap_chest_02.mp3"
            }
        ],
        "tap_face_4-7": [
            {
                "file": "motions/len_tap_face_01.mtn",
                "sound": "sounds/len_tap_face_01.mp3"
            },
            {
                "file": "motions/len_tap_face_02.mtn",
                "sound": "sounds/len_tap_face_02.mp3"
            },
            {
                "file": "motions/len_tap_face_03.mtn",
                "sound": "sounds/len_tap_face_03.mp3"
            }
        ],
        "tap_face_7-10": [
            {
                "file": "motions/len_tap_face_04.mtn",
                "sound": "sounds/len_tap_face_04.mp3"
            },
            {
                "file": "motions/len_tap_face_05.mtn",
                "sound": "sounds/len_tap_face_05.mp3"
            }
        ],
        "tap_face_10-12": [
            {
                "file": "motions/len_tap_face_22.mtn",
                "sound": "sounds/len_tap_face_22.mp3"
            },
            {
                "file": "motions/len_tap_face_06.mtn",
                "sound": "sounds/len_tap_face_06.mp3"
            },
            {
                "file": "motions/len_tap_face_07.mtn",
                "sound": "sounds/len_tap_face_07.mp3"
            }
        ],
        "tap_face_12-14": [
            {
                "file": "motions/len_tap_face_23.mtn",
                "sound": "sounds/len_tap_face_23.mp3"
            },
            {
                "file": "motions/len_tap_face_08.mtn",
                "sound": "sounds/len_tap_face_08.mp3"
            },
            {
                "file": "motions/len_tap_face_09.mtn",
                "sound": "sounds/len_tap_face_09.mp3"
            }
        ],
        "tap_face_14-17": [
            {
                "file": "motions/len_tap_face_24.mtn",
                "sound": "sounds/len_tap_face_24.mp3"
            },
            {
                "file": "motions/len_tap_face_10.mtn",
                "sound": "sounds/len_tap_face_10.mp3"
            },
            {
                "file": "motions/len_tap_face_11.mtn",
                "sound": "sounds/len_tap_face_11.mp3"
            }
        ],
        "tap_face_17-19": [
            {
                "file": "motions/len_tap_face_25.mtn",
                "sound": "sounds/len_tap_face_25.mp3"
            },
            {
                "file": "motions/len_tap_face_12.mtn",
                "sound": "sounds/len_tap_face_12.mp3"
            },
            {
                "file": "motions/len_tap_face_13.mtn",
                "sound": "sounds/len_tap_face_13.mp3"
            }
        ],
        "tap_face_19-22": [
            {
                "file": "motions/len_tap_face_14.mtn",
                "sound": "sounds/len_tap_face_14.mp3"
            },
            {
                "file": "motions/len_tap_face_15.mtn",
                "sound": "sounds/len_tap_face_15.mp3"
            },
            {
                "file": "motions/len_tap_face_16.mtn",
                "sound": "sounds/len_tap_face_16.mp3"
            }
        ],
        "tap_face_22-24": [
            {
                "file": "motions/len_tap_face_17.mtn",
                "sound": "sounds/len_tap_face_17.mp3"
            },
            {
                "file": "motions/len_tap_face_18.mtn",
                "sound": "sounds/len_tap_face_18.mp3"
            },
            {
                "file": "motions/len_tap_face_19.mtn",
                "sound": "sounds/len_tap_face_19.mp3"
            }
        ],
        "tap_face_0-4": [
            {
                "file": "motions/len_tap_face_20.mtn",
                "sound": "sounds/len_tap_face_20.mp3"
            },
            {
                "file": "motions/len_tap_face_21.mtn",
                "sound": "sounds/len_tap_face_21.mp3"
            }
        ],
        "tap_hand_r": [
            {
                "file": "motions/len_tap_hand_01.mtn",
                "sound": "sounds/len_tap_hand_01.mp3"
            },
            {
                "file": "motions/len_tap_hand_02.mtn",
                "sound": "sounds/len_tap_hand_02.mp3"
            }
        ],
        "tap_hand_l": [
            {
                "file": "motions/len_tap_hand_01.mtn",
                "sound": "sounds/len_tap_hand_01.mp3"
            },
            {
                "file": "motions/len_tap_hand_02.mtn",
                "sound": "sounds/len_tap_hand_02.mp3"
            }
        ],
        "tap_head": [
            {
                "file": "motions/len_tap_head_01.mtn",
                "sound": "sounds/len_tap_head_01.mp3"
            },
            {
                "file": "motions/len_tap_head_02.mtn",
                "sound": "sounds/len_tap_head_02.mp3"
            }
        ],
        "tap_skirt": [
            {
                "file": "motions/len_tap_skirt_01.mtn",
                "sound": "sounds/len_tap_skirt_01.mp3"
            },
            {
                "file": "motions/len_tap_skirt_02.mtn",
                "sound": "sounds/len_tap_skirt_02.mp3"
            }
        ],
        "idle": [
            {
                "file": "motions/len_idle_01.mtn"
            },
            {
                "file": "motions/len_idle_02.mtn"
            },
            {
                "file": "motions/len_idle_03.mtn"
            }
        ]
    },
    "physics": "physics_swim.json",
    "pose": "pose.json",
    "name": "len_swim"
}