{
    "version":"1.0.0",
    "model":"model.moc",
    "textures":[
        "textures/Cake Costume Cream.png",
        "textures/Elementary School Costume.png",
        "textures/Dress Costume Brown.png",
        "textures/pajamas-costume.png",
        "textures/Winter Coat Costume White.png",
        "textures/Whiteday Costume Red.png",
        "textures/Sarori Costume.png",
        "textures/Winter Fairy Costume Pink.png",
        "textures/Sakura Fairy Costume.png",
        "textures/Santa 2018 Costume Red.png",
        "textures/Santa 2018 Costume Green.png",
        "textures/Sinsiroad Shop Costume Senior.png",
        "textures/School 2019 Costume Black.png",
        "textures/Magical Girl Costume Pink.png",
        "textures/Voice Story Costume.png",
        "textures/Star Witch Costume.png",
        "textures/Ribbon Dress Costume Yellow.png",
        "textures/New2015 Costume Pajamas.png",
        "textures/Witch Costume.png",
        "textures/Cake Costume Choco.png",
        "textures/Forest Witch Costume Green.png",
        "textures/Qipao Costume Red.png",
        "textures/Frill Blouse Costume Green.png",
        "textures/Shaman Costume Black.png",
        "textures/Overalls Costume White.png",
        "textures/Furisode Costume.png",
        "textures/Sorceress Costume.png",
        "textures/Literature Girl Costume Brown.png",
        "textures/Marine Costume White.png",
        "textures/Sinsiroad Costume.png",
        "textures/Winter Fairy Costume Black.png",
        "textures/Summer Dress Costume White.png",
        "textures/School 2017 Costume Yellow.png",
        "textures/School 2017 Costume Gray.png",
        "textures/Pajamas Costume Pink.png",
        "textures/Valentine Costume Pink.png",
        "textures/Overalls Costume.png",
        "textures/Swimsuit 2017 Costume Red.png",
        "textures/Summer Uniform Costume Blue.png",
        "textures/Turtleneck Costume Red.png",
        "textures/Winter Coat Costume Pink.png",
        "textures/Ribbon Dress Costume Red.png",
        "textures/Succubus Costume Red.png",
        "textures/Priest Costume Junior.png",
        "textures/School 2019 Costume Pink.png",
        "textures/Sukumizu Costume.png",
        "textures/Star Witch Costume Brown.png",
        "textures/Goddess Costume Pink.png",
        "textures/Frill Bikini Costume Purple.png",
        "textures/Marine Costume Navy.png",
        "textures/Fall Dress Costume Beige.png",
        "textures/Hanbok Costume Pink.png",
        "textures/Hanbok Costume Red.png",
        "textures/Bunny Girl Costume Red.png",
        "textures/Forest Witch Costume Brown.png",
        "textures/Healer Costume.png",
        "textures/Vampire Costume Real.png",
        "textures/Sailor Costume Black.png",
        "textures/Turtleneck Costume.png",
        "textures/Akiba Idol Costume.png",
        "textures/Sakura Fairy Costume Real.png",
        "textures/Santa Costume Green.png",
        "textures/Sinsiroad Shop Costume Junior.png",
        "textures/SFC Uniform Costume Red.png",
        "textures/Dress Costume.png",
        "textures/Sporty Hood Costume Blue.png",
        "textures/Winter Coat 2017 Costume White.png",
        "textures/Literature Girl Costume Navy.png",
        "textures/Lolita Costume Skyblue.png",
        "textures/Sporty Hood Costume Black.png",
        "textures/Kids Costume Navy.png",
        "textures/Magical Girl Costume Purple.png",
        "textures/Winter Costume.png",
        "textures/Maid Costume.png",
        "textures/Vampire Costume.png",
        "textures/Fall Dress Costume Brown.png",
        "textures/Tirami1 Costume.png",
        "textures/Succubus Costume Black.png",
        "textures/Sukumizu Costume White.png",
        "textures/Sakura Costume.png",
        "textures/Maid Costume Red.png",
        "textures/Valentine Costume Brown.png",
        "textures/Hanbok Costume Yellow.png",
        "textures/Witch Costume White.png",
        "textures/Hanbok Costume Skyblue.png",
        "textures/Winter Costume White.png",
        "textures/Santa Costume.png",
        "textures/Party Dress Costume Purple.png",
        "textures/Frill Bikini Costume Green.png",
        "textures/Whiteday Costume Purple.png",
        "textures/Party Dress Costume Brown.png",
        "textures/Qipao Costume Pink.png",
        "textures/Hanbok Costume.png",
        "textures/Summer Dress Costume Blue.png",
        "textures/Winter Coat 2017 Costume Brown.png",
        "textures/Sailor Costume.png",
        "textures/Kids Costume.png",
        "textures/School Costume Red.png",
        "textures/Nightsky Costume.png",
        "textures/Elementary School Costume Navy.png",
        "textures/default-costume.png",
        "textures/Sakura Costume Navy.png",
        "textures/Swimsuit 2017 Costume Navy.png",
        "textures/Animal Costume Racoon.png",
        "textures/SFC Uniform Costume Yellow.png",
        "textures/New2015 Costume.png",
        "textures/Frill Blouse Costume Red.png",
        "textures/Shaman Costume Blue.png",
        "textures/school-costume.png",
        "textures/Summer Uniform Costume Red.png",
        "textures/Animal Costume.png",
        "textures/Night Witch Costume Black.png",
        "textures/Lolita Costume Red.png",
        "textures/Goddess Costume White.png",
        "textures/Bunny Girl Costume.png",
        "textures/Night Witch Costume Gray.png",
        "textures/Witch Costume Special.png",
        "textures/Priest Costume Senior.png",
        "textures/Halloween Costume.png"
    ],
    "layout":{
        "center_x":0.0,
        "center_y":-0.05,
        "width":2.0
    },
    "motions":{
        "idle":[
            {"file":"motions/WakeUp.mtn"},
            {"file":"motions/Breath1.mtn"},
            {"file":"motions/Breath2.mtn"},
            {"file":"motions/Breath3.mtn"},
            {"file":"motions/Breath5.mtn"},
            {"file":"motions/Breath7.mtn"},
            {"file":"motions/Breath8.mtn"}
        ],
        "":[
            {"file":"motions/Breath1.mtn"},
            {"file":"motions/Breath2.mtn"},
            {"file":"motions/Breath3.mtn"},
            {"file":"motions/Breath4.mtn"},
            {"file":"motions/Breath5.mtn"},
            {"file":"motions/Breath6.mtn"},
            {"file":"motions/Breath7.mtn"},
            {"file":"motions/Breath8.mtn"},
            {"file":"motions/Fail.mtn"},
            {"file":"motions/Sleeping.mtn"},
            {"file":"motions/Success.mtn"},
            {"file":"motions/Sukebei1.mtn"},
            {"file":"motions/Sukebei2.mtn"},
            {"file":"motions/Sukebei3.mtn"},
            {"file":"motions/Touch Dere1.mtn"},
            {"file":"motions/Touch Dere2.mtn"},
            {"file":"motions/Touch Dere3.mtn"},
            {"file":"motions/Touch Dere4.mtn"},
            {"file":"motions/Touch Dere5.mtn"},
            {"file":"motions/Touch Dere6.mtn"},
            {"file":"motions/Touch1.mtn"},
            {"file":"motions/Touch2.mtn"},
            {"file":"motions/Touch3.mtn"},
            {"file":"motions/Touch4.mtn"},
            {"file":"motions/Touch5.mtn"},
            {"file":"motions/Touch6.mtn"},
            {"file":"motions/WakeUp.mtn"}
        ]
    }
}