{
	"version":"Test 0.0.1",
	"model":"/model.moc",
	"textures":[
		"/delisha.2048/texture_00.png",
		"/delisha.2048/texture_01.png"
	],
	"motions":{
		"shake":[
			{"file":"/motions/001.mtn","sound":"/sound/theresa_live2d_001.wav","text":155060,"sound_delay":-1}
		],
		"flick_head":[
			{"file":"/motions/002.mtn","sound":"/sound/theresa_live2d_002.wav","text":155061,"sound_delay":-1}
		],
		"tap_face":[
			{"file":"/motions/003.mtn","sound":"/sound/theresa_live2d_003.wav","text":155062,"sound_delay":-1}
		],
		"tap_breast":[
			{"file":"/motions/005.mtn","sound":"/sound/theresa_live2d_005.wav","text":155064,"sound_delay":-0.5}
		],
		"tap_belly":[
			{"file":"/motions/004.mtn","sound":"/sound/theresa_live2d_004.wav","text":155063,"sound_delay":-1}
		],
		"tap_leg":[
			{"file":"/motions/006.mtn","sound":"/sound/theresa_live2d_006.wav","text":155065,"sound_delay":-0.5}
		],
		"mail":[
			{"file":"/motions/007.mtn","sound":"/sound/theresa_live2d_007.wav","text":155066,"sound_delay":-0.5}
		],
		"morning":[
			{"file":"/motions/008.mtn","sound":"/sound/theresa_live2d_008.wav","text":155067,"sound_delay":-0.5},
			{"file":"/motions/017.mtn","sound":"/sound/theresa_live2d_017.wav","text":155076,"sound_delay":-0.5}
		],
		"tap_body":[
			{"file":"/motions/001.mtn","sound":"/sound/theresa_live2d_001.wav","text":155060,"sound_delay":-1},
			{"file":"/motions/002.mtn","sound":"/sound/theresa_live2d_002.wav","text":155061,"sound_delay":-1},
			{"file":"/motions/003.mtn","sound":"/sound/theresa_live2d_003.wav","text":155062,"sound_delay":-1},
			{"file":"/motions/004.mtn","sound":"/sound/theresa_live2d_004.wav","text":155063,"sound_delay":-1},
			{"file":"/motions/005.mtn","sound":"/sound/theresa_live2d_005.wav","text":155064,"sound_delay":-0.5},
			{"file":"/motions/006.mtn","sound":"/sound/theresa_live2d_006.wav","text":155065,"sound_delay":-0.5},
			{"file":"/motions/008.mtn","sound":"/sound/theresa_live2d_008.wav","text":155067,"sound_delay":-0.5},
			{"file":"/motions/009.mtn","sound":"/sound/theresa_live2d_009.wav","text":155068,"sound_delay":-0.5},
			{"file":"/motions/010.mtn","sound":"/sound/theresa_live2d_010.wav","text":155069,"sound_delay":-0.5},
			{"file":"/motions/011.mtn","sound":"/sound/theresa_live2d_011.wav","text":155070,"sound_delay":-0.5},
			{"file":"/motions/012.mtn","sound":"/sound/theresa_live2d_012.wav","text":155071,"sound_delay":-0.5},
			{"file":"/motions/013.mtn","sound":"/sound/theresa_live2d_013.wav","text":155072,"sound_delay":-0.5},
			{"file":"/motions/014.mtn","sound":"/sound/theresa_live2d_014.wav","text":155073,"sound_delay":-0.5},
			{"file":"/motions/015.mtn","sound":"/sound/theresa_live2d_015.wav","text":155074,"sound_delay":0.5},
			{"file":"/motions/016.mtn","sound":"/sound/theresa_live2d_016.wav","text":155075,"sound_delay":-0.5},
			{"file":"/motions/017.mtn","sound":"/sound/theresa_live2d_017.wav","text":155075,"sound_delay":-0.5},
			{"file":"/motions/019.mtn","sound":"/sound/theresa_live2d_019.wav","text":155078,"sound_delay":0}
		],
		"idle":[
			{"file":"/motions/idel.mtn"}
		],
		"sleepy":[
			{"file":"/motions/idel.mtn"}
		],
		"activity":[
			{"file":"/motions/012.mtn","sound":"/sound/theresa_live2d_012.wav","text":155071,"sound_delay":-0.5},
			{"file":"/motions/013.mtn","sound":"/sound/theresa_live2d_013.wav","text":155072,"sound_delay":-0.5},
			{"file":"/motions/014.mtn","sound":"/sound/theresa_live2d_014.wav","text":155073,"sound_delay":-0.5}
		],
		"born":[
			{"file":"/motions/015.mtn","sound":"/sound/theresa_live2d_015.wav","text":155074,"sound_delay":0.5}
		],
		"friend":[
			{"file":"/motions/016.mtn","sound":"/sound/theresa_live2d_016.wav","text":155075,"sound_delay":-0.5}
		],
		"afternoon":[
			{"file":"/motions/018.mtn","sound":"/sound/theresa_live2d_018.wav","text":155077,"sound_delay":3}
		],
		"evening":[
			{"file":"/motions/019.mtn","sound":"/sound/theresa_live2d_019.wav","text":155078,"sound_delay":0}
		]
	},
	"physics":"/physics.json",
	"layout":{
		"center_x":0.0,
		"center_y":-0.05,
		"width":2.0
	},
	"hit_areas_custom":{
		"head_x":[-0.35, 0.3],
		"head_y":[0.4, 0.6],
		"body_x":[-0.6, 0.6],
		"body_y":[0.4, -0.9]
	},
	"motion_settings":
	{
		"idle":{"cd":0},
		"morning":{"cd":3600},
		"afternoon":{"cd":3600},
		"evening":{"cd":3600},
		"activity":{"cd":3600},
		"friend":{"cd":18000},
		"mail":{"cd":18000},
		"tap_breast":{"cd":10},
		"tap_belly":{"cd":10},
		"tap_leg":{"cd":10},
		"tap_face":{"cd":10},
		"flick_head":{"cd":20},
		"shake":{"cd":60},
		"born":{"cd":60}
	}
}
